status,engine,cache_mode,concurrency,ttft_p50_s,e2e_p50_s,request_throughput_rps,tpot_p50_ms_per_token,notes
preliminary,tensorrt_llm,warm_shared,1,12.88,27.95,0.0358,29.49,one repetition from supplied design evidence
preliminary,sglang,warm_shared,1,16.00,32.50,0.0307,,one repetition from supplied design evidence
preliminary,vllm,warm_shared,1,22.60,35.40,0.0282,,one repetition from supplied design evidence
preliminary,tensorrt_llm,warm_shared,2,21.76,47.04,0.0429,47.69,one repetition from supplied design evidence
preliminary,sglang,warm_shared,2,26.10,51.90,0.0389,,one repetition from supplied design evidence
preliminary,vllm,warm_shared,2,36.20,64.30,0.0315,,one repetition from supplied design evidence
preliminary,tensorrt_llm,warm_shared,4,34.41,80.58,0.0503,87.79,one repetition from supplied design evidence
preliminary,sglang,warm_shared,4,46.40,95.80,0.0420,,one repetition from supplied design evidence
preliminary,vllm,warm_shared,4,59.70,116.30,0.0345,,one repetition from supplied design evidence
